-- ============================================================================
-- 3PL WMS Demo Data
-- ============================================================================
-- Run this after the initial schema migration

-- ============================================================================
-- Tenant
-- ============================================================================

INSERT INTO tenants (id, name, slug, code, settings) VALUES
('a0000000-0000-0000-0000-000000000001', 'Demo Logistics BV', 'demo-logistics', 'DEMO',
 '{"timezone": "Europe/Amsterdam", "currency": "EUR", "language": "nl"}'::jsonb);

-- ============================================================================
-- Users
-- ============================================================================

INSERT INTO users (id, tenant_id, email, full_name, role, is_active) VALUES
('b0000000-0000-0000-0000-000000000001', 'a0000000-0000-0000-0000-000000000001',
 'admin@demo.com', 'Admin User', 'admin', true),
('b0000000-0000-0000-0000-000000000002', 'a0000000-0000-0000-0000-000000000001',
 'manager@demo.com', 'Warehouse Manager', 'manager', true),
('b0000000-0000-0000-0000-000000000003', 'a0000000-0000-0000-0000-000000000001',
 'operator@demo.com', 'Floor Operator', 'operator', true);

-- ============================================================================
-- Warehouses
-- ============================================================================

INSERT INTO warehouses (id, tenant_id, code, name, address, is_active) VALUES
('c0000000-0000-0000-0000-000000000001', 'a0000000-0000-0000-0000-000000000001',
 'WH-AMS', 'Amsterdam DC',
 '{"street": "Industrieweg 42", "city": "Amsterdam", "postal_code": "1099 AB", "country": "NL"}'::jsonb, true),
('c0000000-0000-0000-0000-000000000002', 'a0000000-0000-0000-0000-000000000001',
 'WH-RTM', 'Rotterdam DC',
 '{"street": "Havenstraat 15", "city": "Rotterdam", "postal_code": "3011 TA", "country": "NL"}'::jsonb, true);

-- ============================================================================
-- Zones
-- ============================================================================

INSERT INTO zones (id, warehouse_id, code, name, zone_type, is_active) VALUES
('d0000000-0000-0000-0000-000000000001', 'c0000000-0000-0000-0000-000000000001',
 'RECV', 'Receiving', 'standard', true),
('d0000000-0000-0000-0000-000000000002', 'c0000000-0000-0000-0000-000000000001',
 'BULK', 'Bulk Storage', 'standard', true),
('d0000000-0000-0000-0000-000000000003', 'c0000000-0000-0000-0000-000000000001',
 'PICK', 'Pick Zone', 'standard', true),
('d0000000-0000-0000-0000-000000000004', 'c0000000-0000-0000-0000-000000000001',
 'SHIP', 'Shipping', 'standard', true),
('d0000000-0000-0000-0000-000000000005', 'c0000000-0000-0000-0000-000000000001',
 'COLD', 'Cold Storage', 'cold', true);

-- ============================================================================
-- Locations (Amsterdam warehouse)
-- ============================================================================

-- Receiving dock
INSERT INTO locations (id, warehouse_id, zone_id, code, name, location_type, aisle, rack, level, position, pick_sequence) VALUES
('e0000000-0000-0000-0000-000000000001', 'c0000000-0000-0000-0000-000000000001', 'd0000000-0000-0000-0000-000000000001',
 'RECV-DOCK-01', 'Receiving Dock 1', 'receiving', 'RECV', '01', '00', '01', 1),
('e0000000-0000-0000-0000-000000000002', 'c0000000-0000-0000-0000-000000000001', 'd0000000-0000-0000-0000-000000000001',
 'RECV-DOCK-02', 'Receiving Dock 2', 'receiving', 'RECV', '02', '00', '01', 2);

-- Bulk storage (Aisle A)
INSERT INTO locations (id, warehouse_id, zone_id, code, name, location_type, aisle, rack, level, position, pick_sequence) VALUES
('e0000000-0000-0000-0000-000000000010', 'c0000000-0000-0000-0000-000000000001', 'd0000000-0000-0000-0000-000000000002',
 'A-01-01-01', 'Aisle A Rack 1 Level 1 Pos 1', 'storage', 'A', '01', '01', '01', 10),
('e0000000-0000-0000-0000-000000000011', 'c0000000-0000-0000-0000-000000000001', 'd0000000-0000-0000-0000-000000000002',
 'A-01-01-02', 'Aisle A Rack 1 Level 1 Pos 2', 'storage', 'A', '01', '01', '02', 11),
('e0000000-0000-0000-0000-000000000012', 'c0000000-0000-0000-0000-000000000001', 'd0000000-0000-0000-0000-000000000002',
 'A-01-02-01', 'Aisle A Rack 1 Level 2 Pos 1', 'storage', 'A', '01', '02', '01', 12),
('e0000000-0000-0000-0000-000000000013', 'c0000000-0000-0000-0000-000000000001', 'd0000000-0000-0000-0000-000000000002',
 'A-01-02-02', 'Aisle A Rack 1 Level 2 Pos 2', 'storage', 'A', '01', '02', '02', 13),
('e0000000-0000-0000-0000-000000000014', 'c0000000-0000-0000-0000-000000000001', 'd0000000-0000-0000-0000-000000000002',
 'A-02-01-01', 'Aisle A Rack 2 Level 1 Pos 1', 'storage', 'A', '02', '01', '01', 14),
('e0000000-0000-0000-0000-000000000015', 'c0000000-0000-0000-0000-000000000001', 'd0000000-0000-0000-0000-000000000002',
 'A-02-01-02', 'Aisle A Rack 2 Level 1 Pos 2', 'storage', 'A', '02', '01', '02', 15);

-- Pick zone (Aisle P)
INSERT INTO locations (id, warehouse_id, zone_id, code, name, location_type, aisle, rack, level, position, pick_sequence) VALUES
('e0000000-0000-0000-0000-000000000020', 'c0000000-0000-0000-0000-000000000001', 'd0000000-0000-0000-0000-000000000003',
 'P-01-01-01', 'Pick Zone 1', 'picking', 'P', '01', '01', '01', 100),
('e0000000-0000-0000-0000-000000000021', 'c0000000-0000-0000-0000-000000000001', 'd0000000-0000-0000-0000-000000000003',
 'P-01-01-02', 'Pick Zone 2', 'picking', 'P', '01', '01', '02', 101),
('e0000000-0000-0000-0000-000000000022', 'c0000000-0000-0000-0000-000000000001', 'd0000000-0000-0000-0000-000000000003',
 'P-01-01-03', 'Pick Zone 3', 'picking', 'P', '01', '01', '03', 102),
('e0000000-0000-0000-0000-000000000023', 'c0000000-0000-0000-0000-000000000001', 'd0000000-0000-0000-0000-000000000003',
 'P-01-01-04', 'Pick Zone 4', 'picking', 'P', '01', '01', '04', 103);

-- Shipping area
INSERT INTO locations (id, warehouse_id, zone_id, code, name, location_type, aisle, rack, level, position, pick_sequence) VALUES
('e0000000-0000-0000-0000-000000000030', 'c0000000-0000-0000-0000-000000000001', 'd0000000-0000-0000-0000-000000000004',
 'SHIP-DOCK-01', 'Shipping Dock 1', 'shipping', 'SHIP', '01', '00', '01', 200),
('e0000000-0000-0000-0000-000000000031', 'c0000000-0000-0000-0000-000000000001', 'd0000000-0000-0000-0000-000000000004',
 'SHIP-DOCK-02', 'Shipping Dock 2', 'shipping', 'SHIP', '02', '00', '01', 201);

-- ============================================================================
-- Customers
-- ============================================================================

INSERT INTO customers (id, tenant_id, code, name, type, billing_address, contact, is_active) VALUES
('f0000000-0000-0000-0000-000000000001', 'a0000000-0000-0000-0000-000000000001',
 'CUST-001', 'TechStore Nederland BV', 'company',
 '{"street": "Winkelstraat 100", "city": "Utrecht", "postal_code": "3512 JK", "country": "NL"}'::jsonb,
 '{"email": "logistics@techstore.nl", "phone": "+31 30 123 4567", "contact_person": "Jan de Vries"}'::jsonb, true),
('f0000000-0000-0000-0000-000000000002', 'a0000000-0000-0000-0000-000000000001',
 'CUST-002', 'Fashion Forward BV', 'company',
 '{"street": "Modeplein 25", "city": "Amsterdam", "postal_code": "1012 AB", "country": "NL"}'::jsonb,
 '{"email": "warehouse@fashionforward.nl", "phone": "+31 20 987 6543", "contact_person": "Lisa Jansen"}'::jsonb, true),
('f0000000-0000-0000-0000-000000000003', 'a0000000-0000-0000-0000-000000000001',
 'CUST-003', 'Home Goods Import', 'company',
 '{"street": "Importweg 8", "city": "Rotterdam", "postal_code": "3089 JB", "country": "NL"}'::jsonb,
 '{"email": "supply@homegoods.nl", "phone": "+31 10 555 1234", "contact_person": "Pieter Bakker"}'::jsonb, true);

-- ============================================================================
-- Products
-- ============================================================================

-- TechStore products
INSERT INTO products (id, tenant_id, customer_id, sku, barcode, name, description, category, unit_of_measure, weight, storage_requirements) VALUES
('10000000-0000-0000-0000-000000000001', 'a0000000-0000-0000-0000-000000000001', 'f0000000-0000-0000-0000-000000000001',
 'TECH-LAPTOP-001', '8710000000001', 'Laptop Pro 15"', '15 inch laptop met SSD', 'Electronics', 'EA', 2.5, 'standard'),
('10000000-0000-0000-0000-000000000002', 'a0000000-0000-0000-0000-000000000001', 'f0000000-0000-0000-0000-000000000001',
 'TECH-PHONE-001', '8710000000002', 'Smartphone X12', 'High-end smartphone', 'Electronics', 'EA', 0.2, 'standard'),
('10000000-0000-0000-0000-000000000003', 'a0000000-0000-0000-0000-000000000001', 'f0000000-0000-0000-0000-000000000001',
 'TECH-TABLET-001', '8710000000003', 'Tablet Air 10"', '10 inch tablet', 'Electronics', 'EA', 0.5, 'standard'),
('10000000-0000-0000-0000-000000000004', 'a0000000-0000-0000-0000-000000000001', 'f0000000-0000-0000-0000-000000000001',
 'TECH-CHARGER-001', '8710000000004', 'Universal Charger', '65W USB-C charger', 'Accessories', 'EA', 0.15, 'standard');

-- Fashion Forward products
INSERT INTO products (id, tenant_id, customer_id, sku, barcode, name, description, category, unit_of_measure, weight, storage_requirements) VALUES
('10000000-0000-0000-0000-000000000010', 'a0000000-0000-0000-0000-000000000001', 'f0000000-0000-0000-0000-000000000002',
 'FASH-SHIRT-BLU-M', '8720000000010', 'T-Shirt Blauw M', 'Katoenen t-shirt blauw maat M', 'Apparel', 'EA', 0.2, 'standard'),
('10000000-0000-0000-0000-000000000011', 'a0000000-0000-0000-0000-000000000001', 'f0000000-0000-0000-0000-000000000002',
 'FASH-SHIRT-BLU-L', '8720000000011', 'T-Shirt Blauw L', 'Katoenen t-shirt blauw maat L', 'Apparel', 'EA', 0.22, 'standard'),
('10000000-0000-0000-0000-000000000012', 'a0000000-0000-0000-0000-000000000001', 'f0000000-0000-0000-0000-000000000002',
 'FASH-JEANS-32', '8720000000012', 'Jeans Classic 32', 'Classic fit jeans maat 32', 'Apparel', 'EA', 0.6, 'standard'),
('10000000-0000-0000-0000-000000000013', 'a0000000-0000-0000-0000-000000000001', 'f0000000-0000-0000-0000-000000000002',
 'FASH-JACKET-M', '8720000000013', 'Winter Jacket M', 'Winterjas maat M', 'Apparel', 'EA', 1.2, 'standard');

-- Home Goods products
INSERT INTO products (id, tenant_id, customer_id, sku, barcode, name, description, category, unit_of_measure, weight, storage_requirements) VALUES
('10000000-0000-0000-0000-000000000020', 'a0000000-0000-0000-0000-000000000001', 'f0000000-0000-0000-0000-000000000003',
 'HOME-LAMP-001', '8730000000020', 'Tafellamp Modern', 'LED tafellamp design', 'Lighting', 'EA', 1.5, 'standard'),
('10000000-0000-0000-0000-000000000021', 'a0000000-0000-0000-0000-000000000001', 'f0000000-0000-0000-0000-000000000003',
 'HOME-CUSHION-001', '8730000000021', 'Sierkussen Grijs', 'Sierkussen 45x45cm grijs', 'Textiles', 'EA', 0.4, 'standard'),
('10000000-0000-0000-0000-000000000022', 'a0000000-0000-0000-0000-000000000001', 'f0000000-0000-0000-0000-000000000003',
 'HOME-VASE-001', '8730000000022', 'Vaas Keramiek', 'Keramieke vaas 30cm', 'Decor', 'EA', 0.8, 'standard');

-- ============================================================================
-- Inventory
-- ============================================================================

INSERT INTO inventory (id, tenant_id, warehouse_id, location_id, product_id, quantity, quantity_on_hand, quantity_available, status) VALUES
-- TechStore inventory
('20000000-0000-0000-0000-000000000001', 'a0000000-0000-0000-0000-000000000001', 'c0000000-0000-0000-0000-000000000001',
 'e0000000-0000-0000-0000-000000000020', '10000000-0000-0000-0000-000000000001', 25, 25, 25, 'available'),
('20000000-0000-0000-0000-000000000002', 'a0000000-0000-0000-0000-000000000001', 'c0000000-0000-0000-0000-000000000001',
 'e0000000-0000-0000-0000-000000000021', '10000000-0000-0000-0000-000000000002', 100, 100, 100, 'available'),
('20000000-0000-0000-0000-000000000003', 'a0000000-0000-0000-0000-000000000001', 'c0000000-0000-0000-0000-000000000001',
 'e0000000-0000-0000-0000-000000000022', '10000000-0000-0000-0000-000000000003', 40, 40, 40, 'available'),
('20000000-0000-0000-0000-000000000004', 'a0000000-0000-0000-0000-000000000001', 'c0000000-0000-0000-0000-000000000001',
 'e0000000-0000-0000-0000-000000000010', '10000000-0000-0000-0000-000000000004', 200, 200, 200, 'available'),

-- Fashion Forward inventory
('20000000-0000-0000-0000-000000000010', 'a0000000-0000-0000-0000-000000000001', 'c0000000-0000-0000-0000-000000000001',
 'e0000000-0000-0000-0000-000000000011', '10000000-0000-0000-0000-000000000010', 150, 150, 150, 'available'),
('20000000-0000-0000-0000-000000000011', 'a0000000-0000-0000-0000-000000000001', 'c0000000-0000-0000-0000-000000000001',
 'e0000000-0000-0000-0000-000000000012', '10000000-0000-0000-0000-000000000011', 120, 120, 120, 'available'),
('20000000-0000-0000-0000-000000000012', 'a0000000-0000-0000-0000-000000000001', 'c0000000-0000-0000-0000-000000000001',
 'e0000000-0000-0000-0000-000000000013', '10000000-0000-0000-0000-000000000012', 80, 80, 80, 'available'),

-- Home Goods inventory
('20000000-0000-0000-0000-000000000020', 'a0000000-0000-0000-0000-000000000001', 'c0000000-0000-0000-0000-000000000001',
 'e0000000-0000-0000-0000-000000000014', '10000000-0000-0000-0000-000000000020', 30, 30, 30, 'available'),
('20000000-0000-0000-0000-000000000021', 'a0000000-0000-0000-0000-000000000001', 'c0000000-0000-0000-0000-000000000001',
 'e0000000-0000-0000-0000-000000000015', '10000000-0000-0000-0000-000000000021', 200, 200, 200, 'available');

-- ============================================================================
-- Inbound Orders
-- ============================================================================

INSERT INTO inbound_orders (id, tenant_id, warehouse_id, customer_id, order_number, supplier_name, status, priority, expected_date, created_by) VALUES
('30000000-0000-0000-0000-000000000001', 'a0000000-0000-0000-0000-000000000001', 'c0000000-0000-0000-0000-000000000001',
 'f0000000-0000-0000-0000-000000000001', 'ASN-2024-0001', 'TechStore Supplier', 'pending', 'normal', CURRENT_DATE + 2, 'b0000000-0000-0000-0000-000000000002'),
('30000000-0000-0000-0000-000000000002', 'a0000000-0000-0000-0000-000000000001', 'c0000000-0000-0000-0000-000000000001',
 'f0000000-0000-0000-0000-000000000002', 'ASN-2024-0002', 'Fashion Factory', 'confirmed', 'high', CURRENT_DATE + 1, 'b0000000-0000-0000-0000-000000000002'),
('30000000-0000-0000-0000-000000000003', 'a0000000-0000-0000-0000-000000000001', 'c0000000-0000-0000-0000-000000000001',
 'f0000000-0000-0000-0000-000000000003', 'ASN-2024-0003', 'Home Goods Import', 'receiving', 'normal', CURRENT_DATE, 'b0000000-0000-0000-0000-000000000002');

INSERT INTO inbound_order_lines (id, inbound_order_id, order_id, product_id, line_number, expected_quantity, received_quantity) VALUES
-- ASN-2024-0001 lines
('31000000-0000-0000-0000-000000000001', '30000000-0000-0000-0000-000000000001', '30000000-0000-0000-0000-000000000001',
 '10000000-0000-0000-0000-000000000001', 1, 50, 0),
('31000000-0000-0000-0000-000000000002', '30000000-0000-0000-0000-000000000001', '30000000-0000-0000-0000-000000000001',
 '10000000-0000-0000-0000-000000000002', 2, 200, 0),
-- ASN-2024-0002 lines
('31000000-0000-0000-0000-000000000010', '30000000-0000-0000-0000-000000000002', '30000000-0000-0000-0000-000000000002',
 '10000000-0000-0000-0000-000000000010', 1, 300, 0),
('31000000-0000-0000-0000-000000000011', '30000000-0000-0000-0000-000000000002', '30000000-0000-0000-0000-000000000002',
 '10000000-0000-0000-0000-000000000012', 2, 100, 0),
-- ASN-2024-0003 lines (partially received)
('31000000-0000-0000-0000-000000000020', '30000000-0000-0000-0000-000000000003', '30000000-0000-0000-0000-000000000003',
 '10000000-0000-0000-0000-000000000020', 1, 50, 30),
('31000000-0000-0000-0000-000000000021', '30000000-0000-0000-0000-000000000003', '30000000-0000-0000-0000-000000000003',
 '10000000-0000-0000-0000-000000000021', 2, 100, 100);

-- ============================================================================
-- Outbound Orders
-- ============================================================================

INSERT INTO outbound_orders (id, tenant_id, warehouse_id, customer_id, order_number, status, priority, required_date, ship_to_address, created_by) VALUES
('40000000-0000-0000-0000-000000000001', 'a0000000-0000-0000-0000-000000000001', 'c0000000-0000-0000-0000-000000000001',
 'f0000000-0000-0000-0000-000000000001', 'SO-2024-0001', 'allocated', 'high', CURRENT_DATE,
 '{"street": "Klantenstraat 10", "city": "Den Haag", "postal_code": "2511 AB", "country": "NL"}'::jsonb, 'b0000000-0000-0000-0000-000000000002'),
('40000000-0000-0000-0000-000000000002', 'a0000000-0000-0000-0000-000000000001', 'c0000000-0000-0000-0000-000000000001',
 'f0000000-0000-0000-0000-000000000001', 'SO-2024-0002', 'picking', 'normal', CURRENT_DATE + 1,
 '{"street": "Bezorgweg 55", "city": "Eindhoven", "postal_code": "5611 AA", "country": "NL"}'::jsonb, 'b0000000-0000-0000-0000-000000000002'),
('40000000-0000-0000-0000-000000000003', 'a0000000-0000-0000-0000-000000000001', 'c0000000-0000-0000-0000-000000000001',
 'f0000000-0000-0000-0000-000000000002', 'SO-2024-0003', 'pending', 'normal', CURRENT_DATE + 2,
 '{"street": "Modewijk 12", "city": "Groningen", "postal_code": "9711 JB", "country": "NL"}'::jsonb, 'b0000000-0000-0000-0000-000000000002'),
('40000000-0000-0000-0000-000000000004', 'a0000000-0000-0000-0000-000000000001', 'c0000000-0000-0000-0000-000000000001',
 'f0000000-0000-0000-0000-000000000003', 'SO-2024-0004', 'shipped', 'low', CURRENT_DATE - 1,
 '{"street": "Thuisbezorgd 8", "city": "Maastricht", "postal_code": "6211 CK", "country": "NL"}'::jsonb, 'b0000000-0000-0000-0000-000000000002');

INSERT INTO outbound_order_lines (id, outbound_order_id, order_id, product_id, line_number, ordered_quantity, allocated_quantity, picked_quantity, shipped_quantity) VALUES
-- SO-2024-0001 lines (allocated)
('41000000-0000-0000-0000-000000000001', '40000000-0000-0000-0000-000000000001', '40000000-0000-0000-0000-000000000001',
 '10000000-0000-0000-0000-000000000001', 1, 5, 5, 0, 0),
('41000000-0000-0000-0000-000000000002', '40000000-0000-0000-0000-000000000001', '40000000-0000-0000-0000-000000000001',
 '10000000-0000-0000-0000-000000000002', 2, 10, 10, 0, 0),
-- SO-2024-0002 lines (picking)
('41000000-0000-0000-0000-000000000010', '40000000-0000-0000-0000-000000000002', '40000000-0000-0000-0000-000000000002',
 '10000000-0000-0000-0000-000000000003', 1, 3, 3, 1, 0),
('41000000-0000-0000-0000-000000000011', '40000000-0000-0000-0000-000000000002', '40000000-0000-0000-0000-000000000002',
 '10000000-0000-0000-0000-000000000004', 2, 3, 3, 3, 0),
-- SO-2024-0003 lines (pending)
('41000000-0000-0000-0000-000000000020', '40000000-0000-0000-0000-000000000003', '40000000-0000-0000-0000-000000000003',
 '10000000-0000-0000-0000-000000000010', 1, 20, 0, 0, 0),
('41000000-0000-0000-0000-000000000021', '40000000-0000-0000-0000-000000000003', '40000000-0000-0000-0000-000000000003',
 '10000000-0000-0000-0000-000000000011', 2, 15, 0, 0, 0),
-- SO-2024-0004 lines (shipped)
('41000000-0000-0000-0000-000000000030', '40000000-0000-0000-0000-000000000004', '40000000-0000-0000-0000-000000000004',
 '10000000-0000-0000-0000-000000000020', 1, 2, 2, 2, 2),
('41000000-0000-0000-0000-000000000031', '40000000-0000-0000-0000-000000000004', '40000000-0000-0000-0000-000000000004',
 '10000000-0000-0000-0000-000000000021', 2, 10, 10, 10, 10);

-- ============================================================================
-- Pick Tasks
-- ============================================================================

INSERT INTO pick_tasks (id, tenant_id, warehouse_id, order_id, order_line_id, from_location_id, product_id, quantity, picked_quantity, status, priority, assigned_to) VALUES
-- Pick tasks for SO-2024-0002 (in progress)
('50000000-0000-0000-0000-000000000001', 'a0000000-0000-0000-0000-000000000001', 'c0000000-0000-0000-0000-000000000001',
 '40000000-0000-0000-0000-000000000002', '41000000-0000-0000-0000-000000000010', 'e0000000-0000-0000-0000-000000000022',
 '10000000-0000-0000-0000-000000000003', 3, 1, 'in_progress', 'normal', 'b0000000-0000-0000-0000-000000000003'),
('50000000-0000-0000-0000-000000000002', 'a0000000-0000-0000-0000-000000000001', 'c0000000-0000-0000-0000-000000000001',
 '40000000-0000-0000-0000-000000000002', '41000000-0000-0000-0000-000000000011', 'e0000000-0000-0000-0000-000000000010',
 '10000000-0000-0000-0000-000000000004', 3, 3, 'completed', 'normal', 'b0000000-0000-0000-0000-000000000003');

-- ============================================================================
-- Billing Contracts
-- ============================================================================

INSERT INTO billing_contracts (id, tenant_id, customer_id, contract_number, name, start_date, end_date, billing_cycle, rates, is_active) VALUES
('60000000-0000-0000-0000-000000000001', 'a0000000-0000-0000-0000-000000000001', 'f0000000-0000-0000-0000-000000000001',
 'CONTRACT-001', 'TechStore Storage Agreement', '2024-01-01', '2024-12-31', 'monthly',
 '[{"type": "storage", "unit": "pallet", "rate": 25.00}, {"type": "handling_in", "unit": "pallet", "rate": 8.50}, {"type": "handling_out", "unit": "order", "rate": 3.50}]'::jsonb, true),
('60000000-0000-0000-0000-000000000002', 'a0000000-0000-0000-0000-000000000001', 'f0000000-0000-0000-0000-000000000002',
 'CONTRACT-002', 'Fashion Forward Fulfillment', '2024-01-01', '2025-06-30', 'monthly',
 '[{"type": "storage", "unit": "pallet", "rate": 22.00}, {"type": "pick", "unit": "line", "rate": 0.75}, {"type": "pack", "unit": "order", "rate": 2.00}]'::jsonb, true);

-- ============================================================================
-- Invoices
-- ============================================================================

INSERT INTO invoices (id, tenant_id, customer_id, contract_id, invoice_number, status, period_start, period_end, subtotal, tax_amount, total_amount, due_date) VALUES
('70000000-0000-0000-0000-000000000001', 'a0000000-0000-0000-0000-000000000001', 'f0000000-0000-0000-0000-000000000001',
 '60000000-0000-0000-0000-000000000001', 'INV-2024-0001', 'paid', '2024-01-01', '2024-01-31', 1250.00, 262.50, 1512.50, '2024-02-15'),
('70000000-0000-0000-0000-000000000002', 'a0000000-0000-0000-0000-000000000001', 'f0000000-0000-0000-0000-000000000001',
 '60000000-0000-0000-0000-000000000001', 'INV-2024-0002', 'sent', '2024-02-01', '2024-02-29', 1380.00, 289.80, 1669.80, '2024-03-15'),
('70000000-0000-0000-0000-000000000003', 'a0000000-0000-0000-0000-000000000001', 'f0000000-0000-0000-0000-000000000002',
 '60000000-0000-0000-0000-000000000002', 'INV-2024-0003', 'draft', '2024-02-01', '2024-02-29', 890.00, 186.90, 1076.90, '2024-03-15');

-- ============================================================================
-- Done!
-- ============================================================================
